account_id,plan_tier,mrr_amount,total_usage_events,total_support_tickets,referral_source
A-d4e0d4,Enterprise,23283,1.0,4.0,other
A-1f0636,Enterprise,20895,0.0,2.0,partner
A-aa9511,Enterprise,19303,2.0,2.0,other
A-d77f4c,Enterprise,18706,3.0,2.0,partner
A-40906c,Enterprise,18308,3.0,5.0,ads
A-66224b,Enterprise,18308,3.0,6.0,other
A-5a215a,Enterprise,17313,3.0,4.0,other
A-e51ec7,Enterprise,16517,2.0,3.0,partner
A-902ef7,Enterprise,16517,3.0,2.0,other
A-65a46c,Enterprise,15522,1.0,8.0,event
A-58b9ff,Enterprise,15124,3.0,2.0,partner
A-712f1c,Enterprise,14925,3.0,6.0,ads
A-054577,Enterprise,14925,3.0,1.0,ads
A-90a8c8,Enterprise,14527,3.0,4.0,organic
A-5b1bcd,Enterprise,14527,3.0,4.0,organic
A-fa3095,Enterprise,13930,2.0,5.0,ads
A-c58f49,Enterprise,13930,2.0,3.0,other
A-fa3095,Enterprise,13930,1.0,5.0,ads
A-c58f49,Enterprise,13930,3.0,3.0,other
A-09316c,Enterprise,13930,3.0,4.0,organic
A-76fa4d,Enterprise,13731,3.0,5.0,event
A-2d1036,Enterprise,13731,3.0,5.0,ads
A-80eeb6,Enterprise,13532,1.0,4.0,organic
A-e08cd3,Enterprise,13333,2.0,8.0,ads
A-e08cd3,Enterprise,13333,3.0,8.0,ads
A-2ebb4b,Enterprise,12935,3.0,2.0,ads
A-5c9849,Enterprise,12338,2.0,4.0,partner
A-de58ca,Enterprise,12338,3.0,5.0,organic
A-6c093d,Enterprise,12139,2.0,3.0,partner
A-671f31,Enterprise,11741,2.0,7.0,ads
A-ccabf0,Enterprise,11741,1.0,4.0,organic
A-309e54,Enterprise,11741,2.0,5.0,other
A-779e4e,Enterprise,11542,3.0,5.0,organic
A-fd9422,Enterprise,11542,3.0,6.0,organic
A-e60f9d,Enterprise,11542,1.0,2.0,other
A-503d5a,Enterprise,11144,1.0,9.0,other
A-d77f4c,Enterprise,10945,3.0,2.0,partner
A-812c5b,Enterprise,10945,2.0,4.0,organic
A-1619f8,Enterprise,10945,3.0,3.0,organic
A-40a557,Enterprise,10945,2.0,7.0,partner
A-71615e,Enterprise,10945,3.0,1.0,organic
A-ac85cd,Enterprise,10547,1.0,3.0,partner
A-ccb686,Enterprise,10547,3.0,1.0,other
A-b07346,Enterprise,10149,3.0,3.0,partner
A-adc1f3,Enterprise,9950,3.0,3.0,organic
A-bd4513,Enterprise,9950,3.0,3.0,event
A-1e1b80,Enterprise,9950,1.0,6.0,other
A-bd4513,Enterprise,9950,3.0,3.0,event
A-00bed1,Enterprise,9751,3.0,4.0,ads
A-35083d,Enterprise,9751,3.0,4.0,partner
A-3793ee,Enterprise,9751,2.0,4.0,organic
A-526d93,Enterprise,9751,2.0,5.0,organic
A-f3ff05,Enterprise,9552,1.0,3.0,other
A-faa28c,Enterprise,9552,3.0,4.0,organic
A-e60f9d,Enterprise,9552,2.0,2.0,other
A-10b8f2,Enterprise,9353,1.0,3.0,organic
A-eb2fdc,Enterprise,9353,2.0,5.0,organic
A-186a44,Enterprise,9353,1.0,7.0,ads
A-b2225d,Enterprise,9353,3.0,2.0,ads
A-3ce5b8,Pro,9261,3.0,10.0,ads
A-b3fe05,Enterprise,9154,2.0,4.0,partner
A-dbc825,Enterprise,8955,3.0,6.0,partner
A-7f4db3,Enterprise,8955,3.0,5.0,other
A-716841,Enterprise,8955,1.0,5.0,other
A-50f3f7,Enterprise,8955,2.0,6.0,partner
A-716841,Enterprise,8955,3.0,5.0,other
A-0b0d6d,Enterprise,8955,3.0,5.0,organic
A-e7a1e2,Enterprise,8756,3.0,1.0,event
A-ad3abd,Enterprise,8756,2.0,3.0,event
A-e43bf7,Enterprise,8756,3.0,5.0,other
A-ed510f,Enterprise,8358,3.0,9.0,partner
A-2ebb4b,Enterprise,8159,3.0,2.0,ads
A-8b0451,Enterprise,8159,3.0,7.0,event
A-1d5444,Enterprise,8159,0.0,2.0,partner
A-1d5444,Enterprise,8159,2.0,2.0,partner
A-855a48,Enterprise,7960,3.0,5.0,partner
A-89ee83,Enterprise,7960,3.0,5.0,organic
A-cbbe12,Enterprise,7960,3.0,6.0,partner
A-5fe118,Enterprise,7761,2.0,1.0,other
A-f51f16,Enterprise,7761,3.0,4.0,partner
A-7920cc,Enterprise,7761,1.0,7.0,ads
A-756192,Enterprise,7761,2.0,3.0,other
A-4d1e75,Enterprise,7562,2.0,2.0,other
A-ad296b,Enterprise,7562,3.0,3.0,event
A-ad296b,Enterprise,7562,2.0,3.0,event
A-271f46,Enterprise,7562,3.0,1.0,event
A-bd4708,Enterprise,7363,1.0,4.0,ads
A-692f18,Enterprise,7363,3.0,2.0,other
A-712f1c,Enterprise,7363,2.0,6.0,ads
A-9174e0,Enterprise,7363,1.0,2.0,partner
A-9174e0,Enterprise,7363,3.0,2.0,partner
A-9174e0,Enterprise,7363,3.0,2.0,partner
A-18793f,Pro,7252,1.0,5.0,organic
A-18793f,Pro,7252,2.0,5.0,organic
A-18793f,Pro,7252,2.0,5.0,organic
A-0b0d6d,Enterprise,7164,1.0,5.0,organic
A-f92792,Enterprise,6965,1.0,2.0,ads
A-ce550d,Enterprise,6965,3.0,7.0,event
A-7f8241,Enterprise,6766,3.0,1.0,organic
A-7f8241,Enterprise,6766,1.0,1.0,organic
A-2d4502,Enterprise,6766,1.0,3.0,event
A-aa9511,Enterprise,6567,2.0,2.0,other
A-3a7284,Enterprise,6567,3.0,3.0,organic
A-cb5333,Enterprise,6567,2.0,4.0,ads
A-d26ab4,Enterprise,6567,3.0,2.0,organic
A-9a532a,Enterprise,6567,3.0,2.0,partner
A-ac9111,Enterprise,6368,2.0,3.0,event
A-956988,Enterprise,6368,1.0,2.0,ads
A-940b8b,Enterprise,6368,2.0,3.0,organic
A-f25509,Enterprise,6368,3.0,6.0,other
A-eb2fdc,Enterprise,6169,2.0,5.0,organic
A-8e47ca,Enterprise,6169,2.0,5.0,organic
A-bc87bc,Enterprise,6169,2.0,7.0,event
A-993085,Enterprise,6169,2.0,4.0,ads
A-d5a319,Enterprise,6169,3.0,1.0,other
A-f5641b,Enterprise,6169,2.0,4.0,other
A-3a5ad8,Enterprise,6169,2.0,4.0,organic
A-e3bd71,Enterprise,6169,3.0,4.0,partner
A-0dbdc6,Enterprise,5970,3.0,4.0,other
A-c7ffc2,Enterprise,5970,3.0,2.0,partner
A-8ed5dd,Enterprise,5970,1.0,6.0,event
A-c7ffc2,Enterprise,5970,2.0,2.0,partner
A-37f969,Enterprise,5970,3.0,5.0,partner
A-726cfa,Enterprise,5970,2.0,3.0,partner
A-37f969,Enterprise,5970,1.0,5.0,partner
A-f9cc74,Enterprise,5970,3.0,6.0,partner
A-c7ffc2,Enterprise,5970,3.0,2.0,partner
A-ab438f,Enterprise,5970,3.0,2.0,ads
A-f9cc74,Enterprise,5970,2.0,6.0,partner
A-0a282f,Enterprise,5771,3.0,3.0,organic
A-e60f9d,Enterprise,5771,3.0,2.0,other
A-2e4581,Enterprise,5771,2.0,2.0,partner
A-9ee962,Enterprise,5771,0.0,3.0,ads
A-fb186e,Enterprise,5771,2.0,6.0,organic
A-e60f9d,Enterprise,5771,3.0,2.0,other
A-3c1a3f,Enterprise,5771,3.0,4.0,event
A-202b67,Enterprise,5771,0.0,4.0,organic
A-a33200,Enterprise,5771,3.0,3.0,partner
A-a33200,Enterprise,5771,2.0,3.0,partner
A-d4e0d4,Pro,5733,3.0,4.0,other
A-00bed1,Enterprise,5572,2.0,4.0,ads
A-a8d89d,Enterprise,5572,3.0,2.0,ads
A-86fc1d,Enterprise,5572,3.0,5.0,partner
A-ad64c6,Enterprise,5572,3.0,4.0,event
A-9f9299,Enterprise,5572,3.0,5.0,organic
A-eafc6e,Enterprise,5373,3.0,1.0,partner
A-f03140,Enterprise,5373,2.0,7.0,event
A-92a3af,Enterprise,5373,3.0,4.0,organic
A-ba6516,Enterprise,5373,0.0,6.0,ads
A-82d8a6,Enterprise,5373,2.0,5.0,ads
A-bece89,Enterprise,5174,3.0,4.0,event
A-bece89,Enterprise,5174,2.0,4.0,event
A-cd458b,Enterprise,5174,2.0,5.0,other
A-b7ef83,Enterprise,5174,3.0,2.0,partner
A-c1dfe1,Enterprise,5174,2.0,3.0,ads
A-bece89,Enterprise,5174,3.0,4.0,event
A-49b828,Enterprise,4975,3.0,3.0,ads
A-96e141,Enterprise,4975,2.0,5.0,partner
A-eb1312,Enterprise,4975,3.0,1.0,partner
A-533452,Pro,4949,3.0,4.0,organic
A-1d5444,Enterprise,4776,1.0,2.0,partner
A-f6b2fb,Enterprise,4776,2.0,5.0,event
A-410e86,Enterprise,4776,3.0,5.0,organic
A-474ad4,Enterprise,4776,1.0,3.0,organic
A-1d5444,Enterprise,4776,3.0,2.0,partner
A-6e08f3,Enterprise,4776,3.0,2.0,event
A-87aa7b,Enterprise,4776,1.0,3.0,organic
A-5ed98d,Enterprise,4776,2.0,5.0,partner
A-5ed98d,Enterprise,4776,3.0,5.0,partner
A-c70870,Pro,4606,2.0,5.0,partner
A-52dd88,Enterprise,4577,3.0,1.0,ads
A-f19409,Enterprise,4577,3.0,3.0,other
A-3b37d9,Enterprise,4577,3.0,5.0,event
A-e89151,Enterprise,4577,1.0,2.0,organic
A-560d27,Enterprise,4577,1.0,4.0,organic
A-ff79f2,Enterprise,4577,3.0,2.0,ads
A-55f257,Enterprise,4577,3.0,6.0,organic
A-8bde0c,Pro,4557,1.0,3.0,organic
A-40906c,Pro,4508,3.0,5.0,ads
A-854864,Pro,4459,2.0,5.0,event
A-6a4e2d,Enterprise,4378,3.0,2.0,partner
A-80eeb6,Enterprise,4378,2.0,4.0,organic
A-4e631b,Enterprise,4378,2.0,2.0,other
A-bc87bc,Enterprise,4378,3.0,7.0,event
A-d77f4c,Enterprise,4378,3.0,2.0,partner
A-a8b49c,Enterprise,4378,3.0,1.0,partner
A-02fac6,Enterprise,4378,2.0,6.0,event
A-4814a3,Pro,4263,3.0,4.0,event
A-5a215a,Pro,4263,3.0,4.0,other
A-8ae05d,Pro,4214,2.0,1.0,other
A-ac9111,Enterprise,4179,3.0,3.0,event
A-cea1f0,Enterprise,4179,3.0,5.0,event
A-ac9111,Enterprise,4179,3.0,3.0,event
A-6843f2,Enterprise,4179,2.0,2.0,ads
A-bb1eaa,Enterprise,4179,2.0,6.0,organic
A-84ebe4,Enterprise,4179,2.0,4.0,ads
A-bbe56f,Enterprise,4179,2.0,4.0,ads
A-0532a9,Enterprise,4179,3.0,8.0,event
A-ac9111,Enterprise,4179,3.0,3.0,event
A-34ea2f,Pro,4067,3.0,8.0,organic
A-3c1a3f,Pro,4018,2.0,4.0,event
A-19b2c8,Enterprise,3980,2.0,3.0,other
A-19b2c8,Enterprise,3980,2.0,3.0,other
A-49b828,Enterprise,3980,3.0,3.0,ads
A-186a44,Enterprise,3980,3.0,7.0,ads
A-6f8ad2,Enterprise,3980,2.0,4.0,organic
A-1986ca,Enterprise,3980,3.0,7.0,ads
A-854864,Enterprise,3980,3.0,5.0,event
A-1986ca,Enterprise,3980,1.0,7.0,ads
A-b20d99,Enterprise,3980,3.0,2.0,other
A-8e47ca,Enterprise,3980,3.0,5.0,organic
A-72799b,Enterprise,3980,2.0,2.0,event
A-00cac8,Enterprise,3980,2.0,2.0,organic
A-4d1e75,Enterprise,3980,2.0,2.0,other
A-8adedc,Pro,3871,3.0,4.0,event
A-0651a4,Enterprise,3781,2.0,4.0,organic
A-35083d,Enterprise,3781,2.0,4.0,partner
A-1e50e0,Enterprise,3781,1.0,2.0,other
A-dbc825,Enterprise,3781,3.0,6.0,partner
A-508199,Enterprise,3781,2.0,3.0,event
A-35083d,Enterprise,3781,3.0,4.0,partner
A-bbc346,Enterprise,3781,3.0,3.0,partner
A-0651a4,Enterprise,3781,3.0,4.0,organic
A-6f50ae,Enterprise,3781,3.0,5.0,partner
A-9badbd,Pro,3773,3.0,5.0,ads
A-d49cc5,Pro,3675,3.0,4.0,event
A-89ee83,Enterprise,3582,3.0,5.0,organic
A-5a3eb9,Enterprise,3582,2.0,3.0,other
A-c4ea60,Enterprise,3582,3.0,5.0,other
A-cbd1a3,Enterprise,3582,3.0,4.0,other
A-50bb9f,Enterprise,3582,1.0,7.0,organic
A-f92792,Enterprise,3582,2.0,2.0,ads
A-7f4db3,Enterprise,3582,3.0,5.0,other
A-712533,Enterprise,3582,2.0,5.0,organic
A-484819,Enterprise,3582,3.0,5.0,organic
A-328bd0,Enterprise,3582,3.0,5.0,partner
A-779e4e,Enterprise,3582,3.0,5.0,organic
A-9123ac,Enterprise,3582,3.0,6.0,organic
A-84ebe4,Enterprise,3582,3.0,4.0,ads
A-4bfa33,Pro,3528,3.0,4.0,event
A-4ef964,Pro,3430,1.0,3.0,organic
A-712533,Pro,3430,3.0,5.0,organic
A-fa3095,Pro,3430,3.0,5.0,ads
A-09316c,Pro,3430,1.0,4.0,organic
A-de24d5,Enterprise,3383,3.0,7.0,other
A-94f8c9,Enterprise,3383,3.0,3.0,other
A-e4bf56,Enterprise,3383,3.0,8.0,ads
A-2edab2,Enterprise,3383,1.0,4.0,event
A-a09355,Enterprise,3383,2.0,5.0,organic
A-5a3eb9,Pro,3381,3.0,3.0,other
A-7cfe77,Pro,3381,3.0,7.0,ads
A-7cfe77,Pro,3381,3.0,7.0,ads
A-2d1036,Pro,3381,3.0,5.0,ads
A-7cfe77,Pro,3381,2.0,7.0,ads
A-8adedc,Pro,3332,2.0,4.0,event
A-b7b7b7,Pro,3283,3.0,3.0,event
A-e08cd3,Pro,3283,1.0,8.0,ads
A-09540c,Pro,3283,2.0,2.0,event
A-e08cd3,Pro,3283,3.0,8.0,ads
A-bb1486,Pro,3283,2.0,3.0,organic
A-05f0e5,Pro,3185,2.0,4.0,partner
A-faa28c,Pro,3185,3.0,4.0,organic
A-fda07f,Enterprise,3184,2.0,5.0,partner
A-a1b80b,Enterprise,3184,2.0,4.0,organic
A-5247b3,Enterprise,3184,2.0,5.0,partner
A-0651a4,Enterprise,3184,2.0,4.0,organic
A-1b707d,Enterprise,3184,3.0,3.0,organic
A-a1b80b,Enterprise,3184,3.0,4.0,organic
A-fa2041,Enterprise,3184,2.0,1.0,organic
A-05d3b3,Enterprise,3184,3.0,6.0,ads
A-e2cd1b,Enterprise,3184,3.0,5.0,other
A-d62e02,Enterprise,3184,1.0,1.0,partner
A-b30291,Enterprise,3184,2.0,1.0,event
A-118d55,Enterprise,3184,2.0,5.0,organic
A-d62e02,Enterprise,3184,1.0,1.0,partner
A-a1b80b,Enterprise,3184,2.0,4.0,organic
A-180abf,Pro,3136,1.0,3.0,event
A-56962b,Basic,3097,3.0,4.0,partner
A-56962b,Basic,3097,3.0,4.0,partner
A-df1e44,Pro,3087,3.0,2.0,organic
A-158f4e,Pro,2989,2.0,5.0,other
A-20736a,Pro,2989,3.0,4.0,organic
A-158f4e,Pro,2989,3.0,5.0,other
A-158f4e,Pro,2989,2.0,5.0,other
A-158f4e,Pro,2989,3.0,5.0,other
A-7641d3,Pro,2989,1.0,5.0,partner
A-751c58,Enterprise,2985,3.0,5.0,organic
A-c62e55,Enterprise,2985,3.0,4.0,partner
A-b9f5b1,Enterprise,2985,1.0,6.0,other
A-ffc04f,Enterprise,2985,1.0,7.0,ads
A-e5d6ab,Enterprise,2985,3.0,3.0,partner
A-71615e,Enterprise,2985,3.0,1.0,organic
A-dcc2f0,Enterprise,2985,2.0,2.0,organic
A-7da956,Enterprise,2985,1.0,3.0,event
A-7dacce,Enterprise,2985,3.0,4.0,event
A-dfbd31,Pro,2940,2.0,6.0,partner
A-02fac6,Pro,2891,3.0,6.0,event
A-671f31,Pro,2891,2.0,7.0,ads
A-18793f,Basic,2812,3.0,5.0,organic
A-31ab9a,Enterprise,2786,3.0,7.0,organic
A-c16101,Enterprise,2786,3.0,4.0,other
A-3d957b,Enterprise,2786,3.0,3.0,other
A-e36807,Enterprise,2786,3.0,2.0,other
A-10b8da,Enterprise,2786,1.0,3.0,partner
A-a6d261,Enterprise,2786,3.0,4.0,other
A-0baac2,Enterprise,2786,3.0,6.0,organic
A-96e141,Enterprise,2786,3.0,5.0,partner
A-dfbd31,Enterprise,2786,3.0,6.0,partner
A-86fc1d,Pro,2744,3.0,5.0,partner
A-c62e55,Pro,2744,3.0,4.0,partner
A-0a282f,Pro,2695,2.0,3.0,organic
A-50bb9f,Pro,2646,0.0,7.0,organic
A-f97b9a,Pro,2646,2.0,7.0,event
A-10b8f2,Pro,2646,2.0,3.0,organic
A-1e1b80,Pro,2597,3.0,6.0,other
A-396e5f,Pro,2597,3.0,5.0,other
A-9bfc9f,Pro,2597,3.0,6.0,ads
A-9bfc9f,Pro,2597,3.0,6.0,ads
A-17939a,Enterprise,2587,3.0,7.0,organic
A-cc102e,Enterprise,2587,2.0,4.0,partner
A-05d3b3,Enterprise,2587,3.0,6.0,ads
A-53f4e3,Enterprise,2587,2.0,5.0,event
A-7da956,Enterprise,2587,3.0,3.0,event
A-9f0b68,Enterprise,2587,2.0,3.0,ads
A-6965e1,Enterprise,2587,1.0,3.0,organic
A-6965e1,Enterprise,2587,3.0,3.0,organic
A-94f8c9,Enterprise,2587,3.0,3.0,other
A-69b156,Enterprise,2587,3.0,7.0,other
A-3b5cd1,Enterprise,2587,2.0,5.0,event
A-bcf664,Enterprise,2587,3.0,5.0,other
A-e5d6ab,Enterprise,2587,3.0,3.0,partner
A-8b25f2,Enterprise,2587,1.0,2.0,ads
A-94f8c9,Enterprise,2587,3.0,3.0,other
A-798a3f,Enterprise,2587,3.0,5.0,other
A-ee42db,Enterprise,2587,3.0,4.0,ads
A-fa2041,Pro,2548,3.0,1.0,organic
A-533452,Pro,2499,3.0,4.0,organic
A-bd4513,Pro,2450,3.0,3.0,event
A-075038,Pro,2450,3.0,2.0,ads
A-a0ca4e,Pro,2401,0.0,6.0,ads
A-4437e4,Pro,2401,3.0,6.0,event
A-cbbe12,Pro,2401,2.0,6.0,partner
A-c42f1f,Enterprise,2388,3.0,9.0,other
A-df1e44,Enterprise,2388,3.0,2.0,organic
A-781cc0,Enterprise,2388,2.0,4.0,organic
A-798a3f,Enterprise,2388,3.0,5.0,other
A-c37601,Enterprise,2388,3.0,4.0,partner
A-df10db,Enterprise,2388,3.0,2.0,other
A-fabe19,Enterprise,2388,3.0,3.0,ads
A-bad8c1,Enterprise,2388,3.0,1.0,organic
A-ad64c6,Enterprise,2388,3.0,4.0,event
A-7c83a1,Pro,2352,2.0,4.0,partner
A-faa28c,Pro,2352,3.0,4.0,organic
A-313be3,Pro,2303,2.0,4.0,partner
A-659280,Pro,2303,3.0,4.0,event
A-e60f9d,Pro,2254,2.0,2.0,other
A-bcbe98,Pro,2254,2.0,7.0,other
A-8ed5dd,Pro,2254,2.0,6.0,event
A-7e0a10,Pro,2254,1.0,5.0,ads
A-241e75,Pro,2254,1.0,4.0,partner
A-50f3f7,Basic,2223,1.0,6.0,partner
A-751c58,Pro,2205,3.0,5.0,organic
A-6e7827,Enterprise,2189,2.0,2.0,other
A-ccabf0,Enterprise,2189,1.0,4.0,organic
A-d77f4c,Enterprise,2189,2.0,2.0,partner
A-9a532a,Enterprise,2189,2.0,2.0,partner
A-726cfa,Enterprise,2189,3.0,3.0,partner
A-331424,Enterprise,2189,2.0,2.0,organic
A-ad3abd,Pro,2156,3.0,3.0,event
A-f19409,Pro,2156,2.0,3.0,other
A-cdf020,Pro,2156,2.0,4.0,organic
A-d27f50,Pro,2156,1.0,4.0,ads
A-02cd81,Pro,2156,1.0,3.0,other
A-fdfc91,Basic,2109,3.0,5.0,ads
A-544d0a,Pro,2107,2.0,2.0,organic
A-dfbd31,Pro,2107,3.0,6.0,partner
A-ed510f,Pro,2058,3.0,9.0,partner
A-35083d,Pro,2058,3.0,4.0,partner
A-625d0b,Pro,2058,1.0,5.0,ads
A-ed510f,Pro,2058,3.0,9.0,partner
A-e4144b,Pro,2009,1.0,3.0,other
A-7f29a7,Pro,2009,3.0,1.0,event
A-94d3da,Pro,2009,2.0,6.0,other
A-acb7f7,Pro,2009,2.0,3.0,ads
A-82861f,Pro,2009,3.0,5.0,organic
A-9f0b68,Enterprise,1990,1.0,3.0,ads
A-e51ec7,Enterprise,1990,3.0,3.0,partner
A-8b25f2,Enterprise,1990,2.0,2.0,ads
A-d62e02,Enterprise,1990,3.0,1.0,partner
A-7df7a7,Enterprise,1990,2.0,3.0,organic
A-9289f6,Enterprise,1990,3.0,6.0,event
A-e1b9cd,Pro,1960,3.0,1.0,event
A-e19ff6,Pro,1960,2.0,3.0,partner
A-cbbe12,Pro,1960,3.0,6.0,partner
A-9779ad,Pro,1960,3.0,3.0,event
A-9badbd,Basic,1957,3.0,5.0,ads
A-7920cc,Pro,1911,1.0,7.0,ads
A-7920cc,Pro,1911,1.0,7.0,ads
A-96bbc6,Pro,1911,3.0,3.0,organic
A-bece89,Pro,1862,3.0,4.0,event
A-443b7c,Pro,1862,1.0,8.0,other
A-0aaf6e,Pro,1813,3.0,5.0,organic
A-ccc747,Pro,1813,2.0,4.0,event
A-65a46c,Pro,1813,3.0,8.0,event
A-396e5f,Pro,1813,2.0,5.0,other
A-9174e0,Pro,1813,3.0,2.0,partner
A-378b99,Enterprise,1791,3.0,6.0,ads
A-a1bbb6,Enterprise,1791,3.0,3.0,organic
A-c45b23,Enterprise,1791,3.0,3.0,partner
A-f44180,Enterprise,1791,1.0,2.0,event
A-684255,Enterprise,1791,3.0,4.0,ads
A-3a5ad8,Enterprise,1791,3.0,4.0,organic
A-354f12,Enterprise,1791,3.0,2.0,ads
A-65aeb5,Enterprise,1791,2.0,2.0,partner
A-fe79a5,Enterprise,1791,1.0,4.0,ads
A-fe79a5,Enterprise,1791,2.0,4.0,ads
A-425e76,Enterprise,1791,3.0,5.0,other
A-fe79a5,Enterprise,1791,1.0,4.0,ads
A-684255,Enterprise,1791,3.0,4.0,ads
A-68f37c,Basic,1786,2.0,5.0,ads
A-5c046d,Basic,1767,2.0,1.0,partner
A-600734,Pro,1764,3.0,7.0,organic
A-4c38bc,Pro,1764,2.0,3.0,event
A-856b1e,Pro,1764,3.0,5.0,partner
A-d792a6,Pro,1764,2.0,5.0,organic
A-712533,Pro,1764,3.0,5.0,organic
A-40906c,Basic,1748,3.0,5.0,ads
A-977ca0,Pro,1715,3.0,3.0,partner
A-f3ff05,Pro,1715,2.0,3.0,other
A-068fc6,Pro,1715,2.0,5.0,event
A-054577,Pro,1715,3.0,1.0,ads
A-5a92e7,Pro,1715,2.0,7.0,ads
A-e4bf56,Pro,1715,3.0,8.0,ads
A-6da850,Pro,1666,3.0,5.0,organic
A-7f8241,Pro,1666,2.0,1.0,organic
A-7f8241,Pro,1666,3.0,1.0,organic
A-fda07f,Pro,1666,3.0,5.0,partner
A-c62e55,Pro,1666,1.0,4.0,partner
A-5a215a,Basic,1653,3.0,4.0,other
A-8ae05d,Basic,1634,3.0,1.0,other
A-8ae05d,Basic,1634,3.0,1.0,other
A-30b4ca,Basic,1634,2.0,3.0,organic
A-b78bf8,Pro,1617,3.0,5.0,event
A-417d2f,Pro,1617,2.0,6.0,partner
A-19b2c8,Pro,1617,1.0,3.0,other
A-328bd0,Pro,1617,2.0,5.0,partner
A-751c58,Pro,1617,3.0,5.0,organic
A-425e76,Enterprise,1592,3.0,5.0,other
A-b7ef83,Enterprise,1592,2.0,2.0,partner
A-cea1f0,Enterprise,1592,3.0,5.0,event
A-d77f4c,Enterprise,1592,2.0,2.0,partner
A-118d55,Enterprise,1592,2.0,5.0,organic
A-adc1f3,Enterprise,1592,2.0,3.0,organic
A-902ef7,Basic,1577,1.0,2.0,other
A-acb7f7,Pro,1568,2.0,3.0,ads
A-432483,Pro,1519,3.0,1.0,ads
A-50f3f7,Pro,1519,2.0,6.0,partner
A-f5641b,Pro,1519,2.0,4.0,other
A-f5641b,Pro,1519,3.0,4.0,other
A-2bc93d,Pro,1519,3.0,2.0,event
A-50f3f7,Pro,1519,2.0,6.0,partner
A-3a7284,Pro,1519,3.0,3.0,organic
A-e83938,Pro,1519,2.0,4.0,other
A-eb2fdc,Pro,1519,2.0,5.0,organic
A-856b1e,Pro,1470,1.0,5.0,partner
A-37f969,Pro,1470,3.0,5.0,partner
A-9ee962,Pro,1470,3.0,3.0,ads
A-c62e55,Pro,1470,2.0,4.0,partner
A-50bb9f,Pro,1470,2.0,7.0,organic
A-37f969,Pro,1470,3.0,5.0,partner
A-558c72,Basic,1463,3.0,4.0,organic
A-3d957b,Pro,1421,0.0,3.0,other
A-9affe6,Pro,1421,2.0,3.0,other
A-d77f4c,Pro,1421,3.0,2.0,partner
A-a33200,Pro,1421,3.0,3.0,partner
A-94f8c9,Basic,1406,1.0,3.0,other
A-9affe6,Enterprise,1393,3.0,3.0,other
A-eb7fac,Enterprise,1393,3.0,4.0,organic
A-6f8ad2,Enterprise,1393,2.0,4.0,organic
A-2d4502,Enterprise,1393,2.0,3.0,event
A-249769,Enterprise,1393,2.0,2.0,event
A-51ec1b,Enterprise,1393,3.0,3.0,ads
A-9affe6,Enterprise,1393,2.0,3.0,other
A-9affe6,Enterprise,1393,3.0,3.0,other
A-bcf664,Enterprise,1393,2.0,5.0,other
A-69b156,Enterprise,1393,3.0,7.0,other
A-eb7fac,Enterprise,1393,0.0,4.0,organic
A-9badbd,Enterprise,1393,2.0,5.0,ads
A-69b156,Enterprise,1393,1.0,7.0,other
A-3d957b,Basic,1387,1.0,3.0,other
A-bece89,Pro,1372,3.0,4.0,event
A-40de06,Pro,1372,3.0,3.0,event
A-17939a,Pro,1372,2.0,7.0,organic
A-4ef964,Pro,1372,3.0,3.0,organic
A-40de06,Pro,1372,1.0,3.0,event
A-0f6450,Pro,1372,3.0,8.0,other
A-0f6450,Pro,1372,3.0,8.0,other
A-40de06,Pro,1372,3.0,3.0,event
A-342303,Pro,1372,1.0,3.0,other
A-9f9299,Pro,1372,1.0,5.0,organic
A-443b7c,Pro,1372,2.0,8.0,other
A-eb1312,Basic,1349,2.0,1.0,partner
A-751c58,Basic,1349,3.0,5.0,organic
A-fa3095,Basic,1330,3.0,5.0,ads
A-fa3095,Basic,1330,2.0,5.0,ads
A-09316c,Basic,1330,2.0,4.0,organic
A-956988,Basic,1330,3.0,2.0,ads
A-09316c,Basic,1330,3.0,4.0,organic
A-029f69,Pro,1323,2.0,2.0,event
A-883b7d,Pro,1323,2.0,7.0,other
A-b07b56,Pro,1323,3.0,4.0,event
A-ba6516,Pro,1323,3.0,6.0,ads
A-54d94a,Pro,1323,1.0,4.0,event
A-eafc6e,Pro,1323,3.0,1.0,partner
A-016043,Pro,1323,2.0,3.0,organic
A-2d1036,Basic,1311,3.0,5.0,ads
A-a865bd,Basic,1292,1.0,2.0,organic
A-b11cd0,Pro,1274,2.0,4.0,ads
A-a6d261,Pro,1274,2.0,4.0,other
A-67be94,Pro,1274,3.0,5.0,organic
A-6a7c9d,Pro,1274,2.0,3.0,organic
A-a8b49c,Pro,1274,2.0,1.0,partner
A-b7ef83,Pro,1274,3.0,2.0,partner
A-d82ef9,Pro,1274,1.0,5.0,other
A-e19ff6,Pro,1274,2.0,3.0,partner
A-5b4ebb,Pro,1274,3.0,5.0,other
A-439b2f,Pro,1274,2.0,3.0,ads
A-f92792,Pro,1274,2.0,2.0,ads
A-e08cd3,Basic,1273,3.0,8.0,ads
A-9289f6,Pro,1225,3.0,6.0,event
A-49b828,Pro,1225,3.0,3.0,ads
A-b07b56,Pro,1225,3.0,4.0,event
A-856b1e,Pro,1225,1.0,5.0,partner
A-22d9d2,Pro,1225,2.0,6.0,event
A-b07b56,Pro,1225,3.0,4.0,event
A-eb1312,Pro,1225,2.0,1.0,partner
A-92a3af,Pro,1225,2.0,4.0,organic
A-80eeb6,Pro,1225,2.0,4.0,organic
A-4a267b,Pro,1225,3.0,4.0,other
A-d4ac0e,Pro,1225,2.0,4.0,ads
A-c37601,Enterprise,1194,2.0,4.0,partner
A-cbd1a3,Enterprise,1194,3.0,4.0,other
A-d62e02,Enterprise,1194,3.0,1.0,partner
A-779e4e,Enterprise,1194,3.0,5.0,organic
A-5ed98d,Pro,1176,3.0,5.0,partner
A-87aa7b,Pro,1176,2.0,3.0,organic
A-2e3bad,Basic,1159,3.0,5.0,other
A-8bde0c,Basic,1159,2.0,3.0,organic
A-9f9299,Basic,1159,2.0,5.0,organic
A-2d4502,Basic,1159,3.0,3.0,event
A-40de06,Basic,1140,3.0,3.0,event
A-34ea2f,Pro,1127,3.0,8.0,organic
A-6843f2,Pro,1127,3.0,2.0,ads
A-d40bf7,Basic,1121,3.0,2.0,organic
A-671f31,Basic,1121,0.0,7.0,ads
A-c7ffc2,Basic,1083,3.0,2.0,partner
A-f25509,Basic,1083,3.0,6.0,other
A-5f7781,Pro,1078,3.0,2.0,other
A-f17767,Pro,1078,0.0,3.0,event
A-02fac6,Pro,1078,2.0,6.0,event
A-0b0d6d,Pro,1078,3.0,5.0,organic
A-98a59a,Basic,1064,2.0,3.0,partner
A-05f0e5,Basic,1064,3.0,4.0,partner
A-940b8b,Basic,1064,2.0,3.0,organic
A-98a59a,Basic,1064,2.0,3.0,partner
A-54d94a,Basic,1045,2.0,4.0,event
A-a1bbb6,Pro,1029,2.0,3.0,organic
A-779e4e,Pro,1029,3.0,5.0,organic
A-bbe56f,Pro,1029,2.0,4.0,ads
A-6843f2,Pro,1029,1.0,2.0,ads
A-96215d,Pro,1029,3.0,1.0,event
A-726cfa,Pro,1029,2.0,3.0,partner
A-ccabf0,Pro,1029,3.0,4.0,organic
A-0158bb,Pro,1029,2.0,1.0,partner
A-ccb686,Pro,1029,3.0,1.0,other
A-4a4c2d,Basic,1026,3.0,5.0,event
A-4a4c2d,Basic,1026,2.0,5.0,event
A-4a4c2d,Basic,1026,2.0,5.0,event
A-4a4c2d,Basic,1026,3.0,5.0,event
A-ff79f2,Basic,1007,3.0,2.0,ads
A-544d0a,Enterprise,995,3.0,2.0,organic
A-1b9609,Enterprise,995,2.0,4.0,ads
A-f1f639,Enterprise,995,3.0,7.0,ads
A-adc1f3,Enterprise,995,3.0,3.0,organic
A-6da850,Enterprise,995,3.0,5.0,organic
A-cc1d8d,Enterprise,995,2.0,5.0,other
A-b2af2e,Enterprise,995,3.0,2.0,event
A-22f2df,Enterprise,995,3.0,5.0,ads
A-fabe19,Enterprise,995,3.0,3.0,ads
A-de24d5,Enterprise,995,3.0,7.0,other
A-4d1e75,Pro,980,3.0,2.0,other
A-5a92e7,Pro,980,2.0,7.0,ads
A-bbc346,Pro,980,3.0,3.0,partner
A-054577,Pro,980,1.0,1.0,ads
A-854864,Pro,980,3.0,5.0,event
A-4d1e75,Pro,980,1.0,2.0,other
A-37f969,Basic,969,1.0,5.0,partner
A-10b8f2,Basic,969,2.0,3.0,organic
A-bd4513,Basic,950,1.0,3.0,event
A-700ade,Basic,950,2.0,4.0,organic
A-d49cc5,Basic,950,3.0,4.0,event
A-503d5a,Basic,950,3.0,9.0,other
A-dbc825,Pro,931,3.0,6.0,partner
A-432483,Pro,931,3.0,1.0,ads
A-417d2f,Basic,931,2.0,6.0,partner
A-443f6f,Pro,931,3.0,4.0,organic
A-dbc825,Pro,931,3.0,6.0,partner
A-e7beab,Pro,931,3.0,6.0,organic
A-1e50e0,Pro,931,3.0,2.0,other
A-378b99,Pro,931,1.0,6.0,ads
A-a7bd4b,Basic,912,3.0,6.0,ads
A-faa28c,Basic,912,3.0,4.0,organic
A-2f6a32,Basic,893,2.0,2.0,organic
A-10b8f2,Basic,893,3.0,3.0,organic
A-592832,Pro,882,3.0,3.0,organic
A-d4ac0e,Pro,882,3.0,4.0,ads
A-e98302,Pro,882,3.0,9.0,ads
A-592832,Pro,882,3.0,3.0,organic
A-43a9e3,Pro,882,3.0,3.0,other
A-6965e1,Pro,882,3.0,3.0,organic
A-43a9e3,Pro,882,2.0,3.0,other
A-84ebe4,Pro,882,2.0,4.0,ads
A-712533,Pro,882,1.0,5.0,organic
A-2b9d3e,Pro,882,2.0,3.0,partner
A-81edc3,Pro,882,2.0,3.0,ads
A-d4ac0e,Pro,882,1.0,4.0,ads
A-84ebe4,Pro,882,1.0,4.0,ads
A-7e0a10,Basic,874,3.0,5.0,ads
A-7e0a10,Basic,874,3.0,5.0,ads
A-ff3c73,Basic,855,3.0,2.0,other
A-cb5333,Basic,836,3.0,4.0,ads
A-ad3abd,Basic,836,2.0,3.0,event
A-96215d,Pro,833,3.0,1.0,event
A-e888d1,Pro,833,3.0,5.0,other
A-65c341,Pro,833,3.0,5.0,ads
A-118d55,Pro,833,3.0,5.0,organic
A-dfbd31,Pro,833,3.0,6.0,partner
A-2edab2,Pro,833,3.0,4.0,event
A-798a3f,Basic,798,2.0,5.0,other
A-32728c,Basic,798,3.0,2.0,event
A-bad8c1,Basic,798,3.0,1.0,organic
A-503d5a,Enterprise,796,3.0,9.0,other
A-098560,Enterprise,796,2.0,2.0,ads
A-34d880,Enterprise,796,3.0,5.0,ads
A-417d2f,Enterprise,796,3.0,6.0,partner
A-cc1d8d,Pro,784,3.0,5.0,other
A-296d7c,Pro,784,2.0,5.0,other
A-5247b3,Pro,784,2.0,5.0,partner
A-7f4db3,Pro,784,3.0,5.0,other
A-ccc747,Pro,784,2.0,4.0,event
A-40a557,Pro,784,3.0,7.0,partner
A-94d3da,Basic,779,3.0,6.0,other
A-94d3da,Basic,779,3.0,6.0,other
A-34ea2f,Basic,779,2.0,8.0,organic
A-7f29a7,Basic,779,1.0,1.0,event
A-b30291,Basic,779,3.0,1.0,event
A-e1b9cd,Basic,760,3.0,1.0,event
A-089363,Basic,760,3.0,3.0,event
A-bbc346,Basic,760,2.0,3.0,partner
A-4e960a,Basic,760,3.0,6.0,other
A-e1b9cd,Basic,760,2.0,1.0,event
A-7920cc,Basic,741,2.0,7.0,ads
A-7920cc,Basic,741,3.0,7.0,ads
A-7920cc,Basic,741,2.0,7.0,ads
A-e5d6ab,Basic,741,3.0,3.0,partner
A-a09355,Pro,735,3.0,5.0,organic
A-22f2df,Pro,735,3.0,5.0,ads
A-dcc2f0,Pro,735,2.0,2.0,organic
A-de58ca,Pro,735,3.0,5.0,organic
A-f92792,Pro,735,2.0,2.0,ads
A-dcc2f0,Pro,735,3.0,2.0,organic
A-f17767,Pro,735,0.0,3.0,event
A-443f6f,Basic,722,2.0,4.0,organic
A-c43359,Basic,722,3.0,3.0,organic
A-271f46,Basic,722,3.0,1.0,event
A-271f46,Basic,722,2.0,1.0,event
A-f03140,Basic,722,2.0,7.0,event
A-e19ff6,Basic,722,3.0,3.0,partner
A-86fc1d,Basic,703,3.0,5.0,partner
A-3be56b,Basic,703,2.0,4.0,event
A-9174e0,Basic,703,3.0,2.0,partner
A-417d2f,Basic,703,2.0,6.0,partner
A-9174e0,Basic,703,2.0,2.0,partner
A-425e76,Basic,703,3.0,5.0,other
A-bb2f49,Pro,686,2.0,3.0,other
A-08e34e,Pro,686,3.0,3.0,event
A-dfbd31,Pro,686,3.0,6.0,partner
A-625d0b,Pro,686,3.0,5.0,ads
A-a09355,Pro,686,3.0,5.0,organic
A-42b791,Pro,686,3.0,3.0,event
A-e888d1,Pro,686,0.0,5.0,other
A-c62e55,Pro,686,3.0,4.0,partner
A-ccb686,Pro,686,2.0,1.0,other
A-a8d89d,Pro,686,3.0,2.0,ads
A-3d957b,Pro,686,2.0,3.0,other
A-10b8da,Pro,686,2.0,3.0,partner
A-dfbd31,Pro,686,3.0,6.0,partner
A-4c38bc,Basic,684,2.0,3.0,event
A-4c38bc,Basic,684,2.0,3.0,event
A-4c38bc,Basic,684,2.0,3.0,event
A-17939a,Basic,684,3.0,7.0,organic
A-592832,Basic,665,3.0,3.0,organic
A-bc4d48,Basic,665,2.0,6.0,ads
A-d42431,Basic,665,3.0,4.0,ads
A-781cc0,Basic,646,3.0,4.0,organic
A-104f1a,Basic,646,3.0,5.0,other
A-b20d99,Basic,646,3.0,2.0,other
A-86902e,Basic,646,3.0,9.0,other
A-54ecc2,Pro,637,3.0,5.0,partner
A-1b707d,Pro,637,2.0,3.0,organic
A-ee42db,Pro,637,2.0,4.0,ads
A-a8d89d,Pro,637,2.0,2.0,ads
A-0baac2,Basic,627,3.0,6.0,organic
A-9b9fe9,Basic,627,3.0,4.0,other
A-cb5333,Basic,627,3.0,4.0,ads
A-b7724f,Basic,627,3.0,3.0,organic
A-5790f4,Basic,627,3.0,4.0,event
A-b78bf8,Basic,627,2.0,5.0,event
A-05f0e5,Basic,608,3.0,4.0,partner
A-82d8a6,Basic,608,2.0,5.0,ads
A-cc98bc,Basic,608,3.0,3.0,ads
A-d62e02,Basic,608,1.0,1.0,partner
A-1f0ac7,Basic,608,3.0,2.0,other
A-3c1a3f,Enterprise,597,3.0,4.0,event
A-4437e4,Enterprise,597,2.0,6.0,event
A-31ab9a,Enterprise,597,3.0,7.0,organic
A-ced9aa,Enterprise,597,2.0,7.0,other
A-4437e4,Enterprise,597,2.0,6.0,event
A-c608c8,Enterprise,597,2.0,2.0,ads
A-8145a0,Enterprise,597,2.0,6.0,partner
A-c70870,Basic,589,2.0,5.0,partner
A-f5641b,Basic,589,3.0,4.0,other
A-993085,Basic,589,3.0,4.0,ads
A-993085,Basic,589,2.0,4.0,ads
A-558c72,Pro,588,3.0,4.0,organic
A-4e960a,Pro,588,3.0,6.0,other
A-eb7fac,Pro,588,3.0,4.0,organic
A-ad64c6,Pro,588,0.0,4.0,event
A-692f18,Pro,588,3.0,2.0,other
A-700ade,Pro,588,2.0,4.0,organic
A-7dacce,Pro,588,3.0,4.0,event
A-7dacce,Pro,588,2.0,4.0,event
A-4e960a,Pro,588,2.0,6.0,other
A-df1e44,Pro,588,2.0,2.0,organic
A-1f559b,Pro,588,3.0,5.0,organic
A-684255,Pro,588,3.0,4.0,ads
A-c37cab,Basic,570,2.0,4.0,event
A-ee42db,Basic,570,3.0,4.0,ads
A-c7ffc2,Basic,570,3.0,2.0,partner
A-f446b6,Basic,570,2.0,8.0,ads
A-f3ff05,Basic,570,2.0,3.0,other
A-cea1f0,Basic,570,2.0,5.0,event
A-82d8a6,Basic,570,1.0,5.0,ads
A-2bc93d,Basic,551,3.0,2.0,event
A-5b4ebb,Basic,551,3.0,5.0,other
A-600734,Basic,551,3.0,7.0,organic
A-5a3eb9,Basic,551,3.0,3.0,other
A-fdfc91,Basic,551,3.0,5.0,ads
A-f19b24,Basic,551,2.0,2.0,organic
A-88c6ca,Pro,539,3.0,1.0,ads
A-2789e3,Pro,539,3.0,4.0,partner
A-65c341,Pro,539,3.0,5.0,ads
A-726cfa,Pro,539,3.0,3.0,partner
A-d4ac0e,Basic,532,1.0,4.0,ads
A-702032,Basic,532,3.0,4.0,ads
A-0f6450,Basic,532,0.0,8.0,other
A-4c6f11,Basic,513,3.0,3.0,organic
A-43a9e3,Basic,513,3.0,3.0,other
A-508199,Basic,513,3.0,3.0,event
A-297a2d,Basic,513,3.0,2.0,event
A-425e76,Basic,513,0.0,5.0,other
A-ba6516,Basic,513,2.0,6.0,ads
A-cd458b,Basic,494,2.0,5.0,other
A-d82ef9,Basic,494,3.0,5.0,other
A-32fb14,Basic,494,3.0,5.0,event
A-034368,Basic,494,3.0,5.0,event
A-d82ef9,Basic,494,2.0,5.0,other
A-42e5e1,Pro,490,2.0,3.0,ads
A-396e5f,Pro,490,2.0,5.0,other
A-029f69,Pro,490,1.0,2.0,event
A-49b828,Pro,490,2.0,3.0,ads
A-bcf87c,Pro,490,1.0,2.0,event
A-b07b56,Basic,475,3.0,4.0,event
A-6da850,Basic,475,3.0,5.0,organic
A-4f18f0,Basic,456,3.0,5.0,other
A-f51f16,Basic,456,3.0,4.0,partner
A-726cfa,Basic,456,3.0,3.0,partner
A-b7b7b7,Basic,456,2.0,3.0,event
A-d4ac0e,Basic,456,3.0,4.0,ads
A-4f18f0,Basic,456,2.0,5.0,other
A-1d5444,Basic,456,1.0,2.0,partner
A-712f1c,Basic,456,3.0,6.0,ads
A-3a5ad8,Pro,441,3.0,4.0,organic
A-05d3b3,Pro,441,3.0,6.0,ads
A-adc1f3,Pro,441,3.0,3.0,organic
A-684255,Pro,441,3.0,4.0,ads
A-378b99,Pro,441,3.0,6.0,ads
A-bb2f49,Pro,441,3.0,3.0,other
A-533452,Pro,441,3.0,4.0,organic
A-65aeb5,Pro,441,3.0,2.0,partner
A-6dee43,Basic,437,3.0,5.0,other
A-aa9511,Basic,437,3.0,2.0,other
A-52dd88,Basic,437,3.0,1.0,ads
A-52dd88,Basic,437,2.0,1.0,ads
A-aa9511,Basic,437,3.0,2.0,other
A-cc8c8f,Basic,437,3.0,2.0,ads
A-cc8c8f,Basic,437,3.0,2.0,ads
A-474ad4,Basic,437,2.0,3.0,organic
A-bb3bd4,Basic,437,0.0,11.0,ads
A-4e631b,Basic,418,2.0,2.0,other
A-c37601,Basic,418,3.0,4.0,partner
A-43a9e3,Basic,418,2.0,3.0,other
A-5f7781,Basic,418,1.0,2.0,other
A-19b2c8,Basic,418,2.0,3.0,other
A-a1b80b,Basic,418,3.0,4.0,organic
A-cc102e,Basic,418,3.0,4.0,partner
A-5b051a,Basic,418,3.0,1.0,event
A-dcc2f0,Basic,418,1.0,2.0,organic
A-3f9cc0,Basic,418,1.0,5.0,event
A-ff3c73,Basic,399,2.0,2.0,other
A-bb1eaa,Basic,399,3.0,6.0,organic
A-bb1eaa,Basic,399,3.0,6.0,organic
A-d3c88e,Basic,399,1.0,3.0,event
A-6f8ad2,Basic,399,3.0,4.0,organic
A-ac9111,Basic,399,2.0,3.0,event
A-6e7827,Enterprise,398,3.0,2.0,other
A-50bb9f,Enterprise,398,3.0,7.0,organic
A-22f2df,Pro,392,2.0,5.0,ads
A-cea1f0,Pro,392,2.0,5.0,event
A-4bfa33,Pro,392,2.0,4.0,event
A-22d9d2,Pro,392,3.0,6.0,event
A-6e08f3,Pro,392,3.0,2.0,event
A-474ad4,Pro,392,3.0,3.0,organic
A-922109,Pro,392,3.0,3.0,ads
A-432483,Pro,392,3.0,1.0,ads
A-474ad4,Pro,392,3.0,3.0,organic
A-00cac8,Pro,392,3.0,2.0,organic
A-88c6ca,Pro,392,2.0,1.0,ads
A-7641d3,Pro,392,3.0,5.0,partner
A-6e7827,Pro,392,2.0,2.0,other
A-7a0d69,Basic,380,2.0,2.0,ads
A-4d1e75,Basic,380,2.0,2.0,other
A-8ae3fc,Basic,380,3.0,4.0,ads
A-b20d99,Basic,380,3.0,2.0,other
A-b20d99,Basic,380,2.0,2.0,other
A-186a44,Basic,380,3.0,7.0,ads
A-186a44,Basic,380,1.0,7.0,ads
A-19b2c8,Basic,380,1.0,3.0,other
A-186a44,Basic,380,3.0,7.0,ads
A-42b791,Basic,380,2.0,3.0,event
A-0baac2,Basic,361,2.0,6.0,organic
A-dbc825,Basic,361,3.0,6.0,partner
A-e61e98,Basic,361,2.0,6.0,partner
A-8e47ca,Basic,361,3.0,5.0,organic
A-5c9849,Basic,361,0.0,4.0,partner
A-f92792,Basic,361,3.0,2.0,ads
A-6f50ae,Basic,361,2.0,5.0,partner
A-054577,Pro,343,2.0,1.0,ads
A-1b707d,Pro,343,2.0,3.0,organic
A-a8b49c,Pro,343,2.0,1.0,partner
A-7df7a7,Pro,343,2.0,3.0,organic
A-592832,Basic,342,0.0,3.0,organic
A-4c56c9,Basic,342,3.0,5.0,partner
A-118d55,Basic,342,2.0,5.0,organic
A-53f4e3,Basic,342,3.0,5.0,event
A-d4ac0e,Basic,342,2.0,4.0,ads
A-1b9609,Basic,342,3.0,4.0,ads
A-43a9e3,Basic,342,3.0,3.0,other
A-328bd0,Basic,342,3.0,5.0,partner
A-6da850,Basic,342,1.0,5.0,organic
A-328bd0,Basic,342,2.0,5.0,partner
A-a7bd4b,Basic,342,3.0,6.0,ads
A-712533,Basic,342,3.0,5.0,organic
A-f92792,Basic,342,3.0,2.0,ads
A-d4ac0e,Basic,342,3.0,4.0,ads
A-712f1c,Basic,323,2.0,6.0,ads
A-a8d89d,Basic,323,1.0,2.0,ads
A-de24d5,Basic,323,2.0,7.0,other
A-157070,Basic,323,3.0,3.0,ads
A-726cfa,Basic,323,3.0,3.0,partner
A-9badbd,Basic,323,2.0,5.0,ads
A-4437e4,Basic,323,2.0,6.0,event
A-075038,Basic,323,3.0,2.0,ads
A-7d514c,Basic,323,3.0,3.0,organic
A-d3c88e,Basic,304,3.0,3.0,event
A-0651a4,Basic,304,3.0,4.0,organic
A-f97b9a,Basic,304,1.0,7.0,event
A-5f2961,Basic,304,3.0,1.0,partner
A-3b5cd1,Basic,304,2.0,5.0,event
A-8b25f2,Pro,294,3.0,2.0,ads
A-977ca0,Pro,294,3.0,3.0,partner
A-3cc791,Pro,294,3.0,6.0,other
A-7c6b6b,Pro,294,3.0,5.0,other
A-cbd1a3,Pro,294,3.0,4.0,other
A-c37601,Pro,294,2.0,4.0,partner
A-4e0e85,Pro,294,2.0,2.0,organic
A-249769,Pro,294,3.0,2.0,event
A-58b9ff,Pro,294,2.0,2.0,partner
A-8ed5dd,Basic,285,0.0,6.0,event
A-c42f1f,Basic,285,3.0,9.0,other
A-6c093d,Basic,285,3.0,3.0,partner
A-6c093d,Basic,285,3.0,3.0,partner
A-118d55,Basic,285,1.0,5.0,organic
A-726cfa,Basic,285,3.0,3.0,partner
A-de58ca,Basic,285,3.0,5.0,organic
A-71615e,Basic,285,3.0,1.0,organic
A-309e54,Basic,285,2.0,5.0,other
A-b3fe05,Basic,285,1.0,4.0,partner
A-9f0b68,Basic,266,2.0,3.0,ads
A-a09355,Basic,266,2.0,5.0,organic
A-17939a,Basic,266,3.0,7.0,organic
A-425e76,Basic,266,1.0,5.0,other
A-726cfa,Basic,266,2.0,3.0,partner
A-241e75,Basic,266,3.0,4.0,partner
A-a8d89d,Basic,247,3.0,2.0,ads
A-7da956,Basic,247,3.0,3.0,event
A-cc102e,Basic,247,2.0,4.0,partner
A-39b19f,Basic,247,2.0,6.0,partner
A-7da956,Basic,247,2.0,3.0,event
A-bcf664,Basic,247,3.0,5.0,other
A-1f559b,Basic,247,3.0,5.0,organic
A-659280,Basic,247,1.0,4.0,event
A-c16cf7,Basic,247,3.0,3.0,event
A-53f4e3,Basic,247,2.0,5.0,event
A-779e4e,Pro,245,1.0,5.0,organic
A-1f559b,Pro,245,3.0,5.0,organic
A-de24d5,Pro,245,3.0,7.0,other
A-9b9fe9,Pro,245,0.0,4.0,other
A-fd7ad3,Basic,228,3.0,8.0,event
A-524364,Basic,228,2.0,3.0,partner
A-0a282f,Basic,228,3.0,3.0,organic
A-6da850,Basic,228,3.0,5.0,organic
A-df1e44,Basic,228,0.0,2.0,organic
A-4e960a,Basic,228,3.0,6.0,other
A-58b9ff,Basic,228,2.0,2.0,partner
A-4e960a,Basic,228,2.0,6.0,other
A-b7724f,Basic,228,2.0,3.0,organic
A-8145a0,Basic,228,2.0,6.0,partner
A-558c72,Basic,228,1.0,4.0,organic
A-0b0d6d,Basic,228,3.0,5.0,organic
A-6dee43,Basic,228,2.0,5.0,other
A-bf7919,Basic,228,2.0,2.0,organic
A-0e966d,Basic,209,2.0,3.0,ads
A-0f3e88,Basic,209,3.0,3.0,other
A-2b9d3e,Basic,209,2.0,3.0,partner
A-69fad4,Basic,209,2.0,4.0,ads
A-2789e3,Basic,209,3.0,4.0,partner
A-b2af2e,Basic,209,2.0,2.0,event
A-51ec1b,Basic,209,3.0,3.0,ads
A-4e44e8,Basic,209,2.0,3.0,ads
A-544d0a,Basic,209,3.0,2.0,organic
A-940b8b,Enterprise,199,3.0,3.0,organic
A-417d2f,Pro,196,3.0,6.0,partner
A-7a0d69,Pro,196,3.0,2.0,ads
A-417d2f,Pro,196,3.0,6.0,partner
A-f3ff05,Pro,196,2.0,3.0,other
A-1b9609,Pro,196,3.0,4.0,ads
A-751bd4,Basic,190,2.0,6.0,partner
A-e7a1e2,Basic,190,0.0,1.0,event
A-692f18,Basic,190,2.0,2.0,other
A-474ad4,Basic,190,3.0,3.0,organic
A-bcf87c,Basic,190,3.0,2.0,event
A-c62e55,Basic,190,3.0,4.0,partner
A-8b25f2,Basic,190,3.0,2.0,ads
A-c9bb3e,Basic,190,1.0,7.0,ads
A-de24d5,Basic,190,2.0,7.0,other
A-8ae3fc,Basic,171,3.0,4.0,ads
A-05d3b3,Basic,171,3.0,6.0,ads
A-6e7827,Basic,171,2.0,2.0,other
A-712426,Basic,171,0.0,6.0,other
A-684255,Basic,171,3.0,4.0,ads
A-a6d261,Basic,171,2.0,4.0,other
A-712426,Basic,171,2.0,6.0,other
A-9ee962,Basic,171,3.0,3.0,ads
A-7c4956,Basic,171,1.0,3.0,ads
A-8ae3fc,Basic,171,3.0,4.0,ads
A-6e08f3,Basic,152,2.0,2.0,event
A-22d9d2,Basic,152,3.0,6.0,event
A-c42f1f,Basic,152,2.0,9.0,other
A-443b7c,Basic,152,3.0,8.0,other
A-7c5768,Basic,152,3.0,5.0,event
A-e19ff6,Basic,152,3.0,3.0,partner
A-425e76,Basic,152,3.0,5.0,other
A-bc87bc,Basic,152,2.0,7.0,event
A-029f69,Pro,147,2.0,2.0,event
A-ced9aa,Pro,147,3.0,7.0,other
A-029f69,Pro,147,3.0,2.0,event
A-ced9aa,Pro,147,2.0,7.0,other
A-fda07f,Basic,133,3.0,5.0,partner
A-1f559b,Basic,133,2.0,5.0,organic
A-c45b23,Basic,133,2.0,3.0,partner
A-5a92e7,Basic,133,3.0,7.0,ads
A-3be56b,Basic,133,2.0,4.0,event
A-700ade,Basic,133,1.0,4.0,organic
A-098560,Basic,133,2.0,2.0,ads
A-439b2f,Basic,133,3.0,3.0,ads
A-0f3e88,Basic,133,3.0,3.0,other
A-354f12,Basic,133,3.0,2.0,ads
A-a8b49c,Basic,133,3.0,1.0,partner
A-3c1a3f,Basic,133,2.0,4.0,event
A-439b2f,Basic,114,3.0,3.0,ads
A-4ae22a,Basic,114,3.0,3.0,other
A-7a0d69,Basic,114,2.0,2.0,ads
A-5a92e7,Basic,114,3.0,7.0,ads
A-e83938,Pro,98,3.0,4.0,other
A-58b9ff,Pro,98,3.0,2.0,partner
A-86cdb4,Pro,98,3.0,5.0,partner
A-adc1f3,Pro,98,0.0,3.0,organic
A-038089,Basic,95,3.0,6.0,other
A-eb7c38,Basic,95,2.0,5.0,organic
A-b30291,Basic,95,1.0,1.0,event
A-8ed5dd,Basic,95,2.0,6.0,event
A-de24d5,Basic,95,3.0,7.0,other
A-b30291,Basic,95,2.0,1.0,event
A-f446b6,Basic,95,3.0,8.0,ads
A-439b2f,Basic,76,1.0,3.0,ads
A-8adedc,Basic,76,3.0,4.0,event
A-8adedc,Basic,76,0.0,4.0,event
A-c7e58b,Basic,57,3.0,5.0,other
A-7c5768,Basic,57,3.0,5.0,event
A-443b7c,Basic,57,3.0,8.0,other
A-42b791,Basic,57,3.0,3.0,event
A-e19ff6,Pro,49,2.0,3.0,partner
A-700ade,Pro,49,3.0,4.0,organic
A-6f8ad2,Pro,49,3.0,4.0,organic
A-e83938,Basic,38,2.0,4.0,other
A-f1f639,Basic,38,2.0,7.0,ads
A-ba6516,Pro,0,3.0,6.0,ads
A-5a92e7,Enterprise,0,3.0,7.0,ads
A-158f4e,Pro,0,2.0,5.0,other
A-42e5e1,Basic,0,3.0,3.0,ads
A-3b5cd1,Pro,0,0.0,5.0,event
A-3cc791,Basic,0,3.0,6.0,other
A-432483,Basic,0,2.0,1.0,ads
A-68f37c,Basic,0,1.0,5.0,ads
A-1f0636,Pro,0,3.0,2.0,partner
A-462d45,Pro,0,3.0,4.0,partner
A-474ad4,Enterprise,0,3.0,3.0,organic
A-331424,Pro,0,2.0,2.0,organic
A-fd9422,Pro,0,2.0,6.0,organic
A-bd4708,Pro,0,2.0,4.0,ads
A-02cd81,Pro,0,2.0,3.0,other
A-8adedc,Enterprise,0,3.0,4.0,event
A-de58ca,Pro,0,2.0,5.0,organic
A-dec005,Pro,0,3.0,2.0,partner
A-fce879,Pro,0,3.0,2.0,partner
A-30b4ca,Pro,0,2.0,3.0,organic
A-3a5ad8,Enterprise,0,3.0,4.0,organic
A-ff79f2,Enterprise,0,3.0,2.0,ads
A-117171,Pro,0,3.0,6.0,organic
A-1ac5e0,Basic,0,2.0,7.0,event
A-716841,Enterprise,0,2.0,5.0,other
A-e36807,Basic,0,3.0,2.0,other
A-e4144b,Enterprise,0,2.0,3.0,other
A-cb5333,Basic,0,2.0,4.0,ads
A-13466a,Basic,0,1.0,3.0,event
A-c9bb3e,Enterprise,0,3.0,7.0,ads
A-157070,Pro,0,2.0,3.0,ads
A-1b9609,Enterprise,0,3.0,4.0,ads
A-712426,Enterprise,0,1.0,6.0,other
A-4e0e85,Pro,0,1.0,2.0,organic
A-9b9fe9,Basic,0,3.0,4.0,other
A-94d3da,Basic,0,3.0,6.0,other
A-089363,Enterprise,0,2.0,3.0,event
A-ab438f,Pro,0,3.0,2.0,ads
A-aa9511,Enterprise,0,2.0,2.0,other
A-0be015,Basic,0,3.0,7.0,event
A-9779ad,Basic,0,2.0,3.0,event
A-8b25f2,Enterprise,0,3.0,2.0,ads
A-029f69,Enterprise,0,3.0,2.0,event
A-69b156,Pro,0,1.0,7.0,other
A-faa28c,Basic,0,1.0,4.0,organic
A-5247b3,Pro,0,3.0,5.0,partner
A-94f8c9,Enterprise,0,1.0,3.0,other
A-993085,Enterprise,0,1.0,4.0,ads
A-5a184f,Pro,0,2.0,3.0,other
A-f45426,Basic,0,3.0,3.0,organic
A-474ad4,Pro,0,2.0,3.0,organic
A-bf7919,Enterprise,0,1.0,2.0,organic
A-7da956,Basic,0,2.0,3.0,event
A-59f724,Basic,0,3.0,4.0,other
A-e2cd1b,Enterprise,0,3.0,5.0,other
A-de24d5,Enterprise,0,1.0,7.0,other
A-a45270,Enterprise,0,3.0,4.0,ads
A-b9f5b1,Enterprise,0,2.0,6.0,other
A-8ae05d,Basic,0,1.0,1.0,other
A-089363,Pro,0,2.0,3.0,event
A-089363,Enterprise,0,1.0,3.0,event
A-a1bbb6,Pro,0,2.0,3.0,organic
A-86fc1d,Enterprise,0,3.0,5.0,partner
A-2b9d3e,Enterprise,0,3.0,3.0,partner
A-a8d89d,Basic,0,3.0,2.0,ads
A-35083d,Pro,0,2.0,4.0,partner
A-87aa7b,Pro,0,1.0,3.0,organic
A-098560,Pro,0,3.0,2.0,ads
A-4a4c2d,Basic,0,2.0,5.0,event
A-81edc3,Enterprise,0,3.0,3.0,ads
A-1b707d,Basic,0,2.0,3.0,organic
A-4bfa33,Enterprise,0,3.0,4.0,event
A-798a3f,Enterprise,0,3.0,5.0,other
A-86fc1d,Basic,0,2.0,5.0,partner
A-f44180,Enterprise,0,1.0,2.0,event
A-58b9ff,Pro,0,1.0,2.0,partner
A-ff3c73,Basic,0,2.0,2.0,other
A-118f1c,Pro,0,3.0,1.0,other
A-9174e0,Enterprise,0,3.0,2.0,partner
A-5a215a,Enterprise,0,0.0,4.0,other
A-7988d1,Basic,0,2.0,3.0,other
A-94d3da,Pro,0,3.0,6.0,other
A-fe79a5,Enterprise,0,3.0,4.0,ads
A-eb7c38,Enterprise,0,3.0,5.0,organic
A-5f7781,Pro,0,3.0,2.0,other
A-65aeb5,Enterprise,0,1.0,2.0,partner
A-d27f50,Enterprise,0,3.0,4.0,ads
A-922109,Basic,0,3.0,3.0,ads
A-3c1a3f,Pro,0,2.0,4.0,event
A-a1b80b,Pro,0,3.0,4.0,organic
A-1f0ac7,Pro,0,3.0,2.0,other
A-ee42db,Basic,0,3.0,4.0,ads
A-72799b,Pro,0,3.0,2.0,event
A-bbc346,Basic,0,3.0,3.0,partner
A-b44e3e,Pro,0,3.0,3.0,ads
A-8bde0c,Basic,0,3.0,3.0,organic
A-3b37d9,Enterprise,0,3.0,5.0,event
A-9a532a,Basic,0,3.0,2.0,partner
A-de58ca,Enterprise,0,2.0,5.0,organic
A-7641d3,Pro,0,2.0,5.0,partner
A-87aa7b,Enterprise,0,2.0,3.0,organic
A-5ed98d,Basic,0,3.0,5.0,partner
A-b07b56,Basic,0,2.0,4.0,event
A-e51ec7,Basic,0,3.0,3.0,partner
A-2ebb4b,Basic,0,3.0,2.0,ads
A-7f6b86,Pro,0,3.0,7.0,partner
A-d792a6,Enterprise,0,3.0,5.0,organic
A-7d514c,Basic,0,2.0,3.0,organic
A-c37cab,Pro,0,3.0,4.0,event
A-71615e,Basic,0,1.0,1.0,organic
A-075038,Pro,0,2.0,2.0,ads
A-d82ef9,Pro,0,2.0,5.0,other
A-157070,Pro,0,3.0,3.0,ads
A-59f724,Pro,0,3.0,4.0,other
A-ee42db,Pro,0,2.0,4.0,ads
A-9bfc9f,Pro,0,2.0,6.0,ads
A-bb3bd4,Enterprise,0,3.0,11.0,ads
A-b07b56,Basic,0,3.0,4.0,event
A-4c56c9,Basic,0,3.0,5.0,partner
A-94d3da,Basic,0,2.0,6.0,other
A-c16cf7,Basic,0,2.0,3.0,event
A-8adedc,Enterprise,0,3.0,4.0,event
A-b78bf8,Enterprise,0,2.0,5.0,event
A-18793f,Enterprise,0,3.0,5.0,organic
A-ac9111,Enterprise,0,3.0,3.0,event
A-019782,Basic,0,3.0,2.0,event
A-313be3,Enterprise,0,3.0,4.0,partner
A-0aaf6e,Basic,0,3.0,5.0,organic
A-df1e44,Enterprise,0,2.0,2.0,organic
A-186a44,Pro,0,3.0,7.0,ads
A-45ce7a,Pro,0,2.0,5.0,ads
A-4e631b,Pro,0,2.0,2.0,other
A-544d0a,Basic,0,0.0,2.0,organic
A-4814a3,Enterprise,0,2.0,4.0,event
A-9badbd,Basic,0,3.0,5.0,ads
A-e888d1,Basic,0,1.0,5.0,other
A-f9cc74,Enterprise,0,2.0,6.0,partner
A-faa28c,Enterprise,0,3.0,4.0,organic
A-d792a6,Basic,0,3.0,5.0,organic
A-5b4ebb,Basic,0,3.0,5.0,other
A-40de06,Enterprise,0,1.0,3.0,event
A-9208f0,Basic,0,3.0,8.0,organic
A-4a267b,Pro,0,1.0,4.0,other
A-7f4db3,Basic,0,3.0,5.0,other
A-e3bd71,Pro,0,3.0,4.0,partner
A-f6b2fb,Enterprise,0,3.0,5.0,event
A-271f46,Enterprise,0,3.0,1.0,event
A-0e966d,Pro,0,3.0,3.0,ads
A-7f6b86,Pro,0,3.0,7.0,partner
A-e08cd3,Enterprise,0,0.0,8.0,ads
A-3b37d9,Pro,0,2.0,5.0,event
A-9123ac,Enterprise,0,2.0,6.0,organic
A-313be3,Enterprise,0,3.0,4.0,partner
A-32728c,Enterprise,0,3.0,2.0,event
A-dfbd31,Enterprise,0,3.0,6.0,partner
A-cb6cc6,Enterprise,0,2.0,3.0,ads
A-712426,Enterprise,0,3.0,6.0,other
A-503d5a,Enterprise,0,3.0,9.0,other
A-1d5444,Basic,0,2.0,2.0,partner
A-c7e58b,Pro,0,3.0,5.0,other
A-6da850,Enterprise,0,2.0,5.0,organic
A-f5641b,Basic,0,3.0,4.0,other
A-bd4708,Basic,0,2.0,4.0,ads
A-ad64c6,Basic,0,1.0,4.0,event
A-50f3f7,Pro,0,3.0,6.0,partner
A-90a8c8,Pro,0,3.0,4.0,organic
A-bd4708,Basic,0,3.0,4.0,ads
A-2e3bad,Basic,0,3.0,5.0,other
A-e60f9d,Pro,0,1.0,2.0,other
A-fe79a5,Pro,0,3.0,4.0,ads
A-d82ef9,Enterprise,0,3.0,5.0,other
A-bcf664,Basic,0,3.0,5.0,other
A-4e960a,Enterprise,0,3.0,6.0,other
A-6c093d,Enterprise,0,3.0,3.0,partner
A-3a5ad8,Basic,0,1.0,4.0,organic
A-dfbd31,Basic,0,3.0,6.0,partner
A-3a5ad8,Enterprise,0,2.0,4.0,organic
A-659280,Enterprise,0,3.0,4.0,event
